<?xml version="1.0" encoding="UTF-8"?>
<beans xmlns="http://www.springframework.org/schema/beans"
	xmlns:xsi="http://www.w3.org/2001/XMLSchema-instance"
	xmlns:context="http://www.springframework.org/schema/context"
	xsi:schemaLocation="http://www.springframework.org/schema/beans http://www.springframework.org/schema/beans/spring-beans.xsd
		http://www.springframework.org/schema/context http://www.springframework.org/schema/context/spring-context-4.3.xsd">
	
	<!-- <bean id="userServiceImpl" class="user.service.UserServiceImpl"></bean> -->
	
	<context:component-scan base-package="user.bean" />
	<context:component-scan base-package="user.dao" />
	<context:component-scan base-package="user.service" />
	
	<context:component-scan base-package="board.bean" />
	<context:component-scan base-package="board.dao" />
	<context:component-scan base-package="community.service" />
	
	<context:component-scan base-package="channel.service" />
	<context:component-scan base-package="video.dao" />
	<context:component-scan base-package="video.service" />
	
	<context:component-scan base-package="spring.conf" />
</beans>
