<?xml version="1.0" encoding="UTF-8"?>
<!DOCTYPE mapper
 PUBLIC "-//mybatis.org//DTD Mapper 3.0//EN"
 "https://mybatis.org/dtd/mybatis-3-mapper.dtd">
 <mapper namespace="memberSQL">
 	<select id="isExistEmail" parameterType="String" resultType="member">
 		select * from User where email=#{email}
 	</select>
 		
 	<select id="isExistPwd" parameterType="java.util.Map" resultType="member">
 		select * from User where email=#{email} and password=#{password}
 	</select>
 	
 	<insert id="insertName" parameterType="String">
 		insert into User (name) values (#{name})
 	</insert>
 	
 	<select id="searchName" parameterType="String" resultType="member">
 		select * from User where name=#{name}
 	</select>
 	
 	<select id="isExistRrn" parameterType="java.util.Map" resultType="member">
 		select * from User where name=#{name} and rrn=#{rrn}
 	</select>
 	
 	<select id="getEmailList" parameterType="String" resultType="member">
 		select * from User where name=#{name}
 	</select>
 	
 	<select id="loginOk" parameterType="Int" resultType="member">
 		select * from User where user_id=#{user_id}
 	</select>
 		
 </mapper>