<?xml version="1.0" encoding="UTF-8"?>
<beans xmlns="http://www.springframework.org/schema/beans"
	xmlns:xsi="http://www.w3.org/2001/XMLSchema-instance"
	xmlns:context="http://www.springframework.org/schema/context"
	xsi:schemaLocation="http://www.springframework.org/schema/beans http://www.springframework.org/schema/beans/spring-beans.xsd
		http://www.springframework.org/schema/context http://www.springframework.org/schema/context/spring-context-4.3.xsd">
	
	<!-- <bean id="userServiceImpl" class="user.service.UserServiceImpl"></bean> -->
	<!-- board -->
	<context:component-scan base-package="board.bean" />
	<context:component-scan base-package="board.dao" />
	
	<!-- channel -->
	<context:component-scan base-package="channel.dao" />
	<context:component-scan base-package="channel.bean" />
	<context:component-scan base-package="channel.service" />
	
	<!-- comment -->
	<context:component-scan base-package="comment.bean" />
	<context:component-scan base-package="comment.dao" />
	<context:component-scan base-package="comment.service" />
	
	<!-- community -->
	<context:component-scan base-package="community.service" />
	
	<!-- history -->
	<context:component-scan base-package="history.bean" />
	<context:component-scan base-package="history.dao" />
	<context:component-scan base-package="history.service" />
	
	<!-- mail -->
	<context:component-scan base-package="mail.service" />
	
	<!-- member -->
	<context:component-scan base-package="member.bean" />
	<context:component-scan base-package="member.dao" />
	<context:component-scan base-package="member.service" />
	
	<!-- user -->
	<context:component-scan base-package="user.dao" />
	<context:component-scan base-package="user.bean" />
	
	<!-- video -->
	<context:component-scan base-package="video.bean" />
	<context:component-scan base-package="video.dao" />
	<context:component-scan base-package="video.service" />
	
	
	<!-- 이메일 인증 관련 빈 등록 -->
   <bean id="mailSender" class="org.springframework.mail.javamail.JavaMailSenderImpl">
      <property name="host" value="smtp.gmail.com" />
      <property name="port" value="587" />
      <property name="username" value="skszcz" />
      <property name="password" value="gqcrucvxslzgukcs" />
      <property name="javaMailProperties">
         <props>
                <prop key="mail.transport.protocol">smtp</prop>
                <prop key="mail.smtp.auth">true</prop>
                <!-- gmail의 경우 보안문제 업데이트로 인해 SSLSocketFactory를 추가해야 smtp 사용 가능. -->
                <prop key="mail.smtp.socketFactory.class">javax.net.ssl.SSLSocketFactory</prop>
                <prop key="mail.smtp.starttls.enable">true</prop>
                <prop key="mail.debug">true</prop>
                <prop key="mail.smtp.ssl.trust">smtp.gmail.com</prop>
				<prop key="mail.smtp.ssl.protocols">TLSv1.2</prop>
            </props>
      </property>
      
   </bean>


	<context:component-scan base-package="spring.conf" />
</beans>
