<?xml version="1.0" encoding="UTF-8"?>
<!DOCTYPE mapper
PUBLIC "-//mybatis.org//DTD Mapper 3.0//EN"
"https://mybatis.org/dtd/mybatis-3-mapper.dtd">
<mapper namespace="userSQL">

	<select id="getBoardList" parameterType="int" resultType="board">
		SELECT
		    c.channel_name,
		    b.board_text,
		    COUNT(DISTINCT l.like_id) AS like_count,
		    COUNT(DISTINCT cm.comment_id) AS comment_count,
		    b.upload_date,
		    ch.channel_profile_url,
		    u.user_id,
		    b.board_id,
		    ch.channel_id
		FROM
		    Community_Board b 
		JOIN
		    Like_count l ON b.board_id = l.board_id
		JOIN
		    Comment cm ON b.board_id = cm.board_id
		JOIN
		    Channel c ON b.channel_id = c.channel_id
		JOIN
		    Channel ch ON b.channel_id = ch.channel_id
		JOIN
		    User u ON ch.user_id = u.user_id
		WHERE
		    c.channel_id = #{channel_id}
		GROUP BY
		    c.channel_name,
		    b.board_text,
		    b.upload_date,
		    ch.channel_profile_url,
		    u.user_id,
		    b.board_id, 
		    ch.channel_id
		ORDER BY
		    b.board_id DESC
	</select>
	
	<delete id="boardDelete" parameterType="int">
		delete from Community_Board where board_id=#{board_id}
	</delete>
	
	
	<update id="boardUpdate" parameterType="java.util.Map">
		UPDATE Community_Board
	    SET board_text = #{board_text}
	    WHERE board_id = #{board_id} AND channel_id = #{channel_id}
	</update>
 
	<select id="channelUser_id" parameterType="int" resultType="channel.bean.ChannelDTO">
		select * from Channel where user_id = #{user_id}
	</select>
	
	<insert id="boardWrite" parameterType="java.util.Map">
		<!-- 커뮤니티 보드 테이블에 데이터 삽입 -->
	    INSERT INTO Community_Board (channel_id, user_id, board_text)
	    VALUES (#{channel_id}, #{user_id}, #{board_text})
	</insert>

</mapper>