<?xml version="1.0" encoding="UTF-8"?>
<beans xmlns="http://www.springframework.org/schema/beans"
	xmlns:xsi="http://www.w3.org/2001/XMLSchema-instance"
	xmlns:context="http://www.springframework.org/schema/context"
	xmlns:mvc="http://www.springframework.org/schema/mvc"
	xmlns:p="http://www.springframework.org/schema/p"
	xmlns:mybatis-spring="http://mybatis.org/schema/mybatis-spring"
	xsi:schemaLocation="http://www.springframework.org/schema/mvc http://www.springframework.org/schema/mvc/spring-mvc-4.3.xsd
		http://mybatis.org/schema/mybatis-spring http://mybatis.org/schema/mybatis-spring-1.2.xsd
		http://www.springframework.org/schema/beans http://www.springframework.org/schema/beans/spring-beans.xsd
		http://www.springframework.org/schema/context http://www.springframework.org/schema/context/spring-context-4.3.xsd">

	<bean id="viewResolver" class="org.springframework.web.servlet.view.InternalResourceViewResolver">
		<property name="prefix" value="/WEB-INF/" />
		<property name="suffix" value=".jsp" />
	</bean>
	
	<!-- <bean id="multipartResolver" 
       class="org.springframework.web.multipart.commons.CommonsMultipartResolver"
       p:maxUploadSize="5000000" />  -->
    <!-- p가 없어서 에러가 난다. Source에서 p를 넣어주면 에러가 사라진다. -->
	
	<bean id="multipartResolver" class="org.springframework.web.multipart.commons.CommonsMultipartResolver">
    	<property name="maxUploadSize" value="5000000" /> <!-- 5MB -->       
    </bean>
	
	<context:component-scan base-package="main.controller" />
	<context:component-scan base-package="user.controller" />
	<context:component-scan base-package="member.controller" />
	<context:component-scan base-package="history.controller" />
	<context:component-scan base-package="video.controller" />
	<context:component-scan base-package="channel.controller" />
	<context:component-scan base-package="subscribe.controller" />

	<!-- Spring Web MVC를 하기 위해서 설정해야 하는 값들을 자동으로 추가해준다. -->
	<mvc:annotation-driven />
	
	<mvc:resources location="/WEB-INF/main/" mapping="/main/**" />
	<mvc:resources location="/WEB-INF/image/" mapping="/image/**" />
	<mvc:resources location="/WEB-INF/img/" mapping="/img/**" />
	<mvc:resources location="/WEB-INF/js/" mapping="/js/**" />
	<mvc:resources location="/WEB-INF/storage/" mapping="/storage/**" />
	<mvc:resources location="/WEB-INF/css/" mapping="/css/**" />

</beans>
